Participant_ID,Group,learningrate_om1,learningrate_om2,BetaZero,BetaOne,BetaTwo,BetaThree,BetaFour,Zeta
1,1,-1.743981362,-1.295246161,5.309732977,0.007604916162,-3.561281002,1.438392595,0.9492850124,0.03574917694
2,1,-4.201796339,1.66115385,5.614114514,0.1194738736,-1.894226713,3.065852384,-0.3032425349,0.05962594148
3,1,-3.073885615,1.710917767,5.352750984,0.001392241234,-1.313260375,3.630663987,0.00814554654,0.1315432533
4,1,-3.683953053,0.796719783,5.427226107,0.1602215365,-1.740540722,1.307181387,0.484579554,0.06724339432
5,1,-1.900609057,5.39466316,5.603770429,0.1555003771,-2.419662683,1.132920336,1.867965558,0.04836074419
6,1,-1.029355449,-1.046590711,5.443332688,-0.05149713544,-2.870268797,1.724650984,0.4654675079,0.1011918754
7,1,-2.293257725,5.359225924,5.538186842,0.161391571,-1.012534321,1.776797835,1.180683572,0.05521250797
8,1,-3.033950063,1.217935185,5.151321759,0.1448777004,-2.183162612,1.831000207,0.2676320474,0.09183731324
9,1,-1.900198755,2.510814027,5.495277434,0.05590057618,-0.8998596996,1.555235069,0.1949633032,0.05355793149
10,1,-3.853818455,0.6036188608,5.290144887,0.1488824826,-1.416883575,2.729944166,0.1572284551,0.04040972955
11,1,-3.051960898,0.7764359333,5.179137243,0.1908331137,0.3763052948,2.500043511,-0.6072255081,0.05987330518
12,1,-1.414188791,0.1216299298,5.554208918,-0.06537896731,-3.70416283,3.363781532,0.2600602778,0.08544803336
13,1,-1.018641194,4.783931088,5.719645187,0.2040639155,-1.975451613,-1.182084054,0.7334373135,0.07492667634
14,1,-3.378352743,0.4946968934,5.714832772,0.172649756,-2.192779664,-0.180909226,0.1505527683,0.07894027328
15,1,-5.06055001,0.7204448461,5.487820606,0.1526002832,-2.173962705,2.643912416,0.6601521759,0.1253464875
16,1,-2.389500902,2.145393531,5.381156917,0.2546963889,-1.444916326,2.02745214,0.2125707084,0.08689272381
17,1,-1.515938271,-0.7221004114,5.145186362,0.2250443786,-0.3373690805,0.634504781,-0.3122283426,0.04792024697
18,1,-4.945767473,0.04459697146,5.297517818,0.08768101086,-1.404352955,2.30993666,0.3872392346,0.03577135946
19,1,-1.285987743,-1.566872731,5.168396745,-0.2420654182,-1.444426544,3.008981132,0.2259541908,0.05053409451
20,1,-1.387231792,-1.634513412,5.554463883,-0.1051953373,-2.902500365,0.5029280489,1.436808782,0.0690270266
21,1,-3.897561862,3.863238626,5.525261178,0.02247683019,-1.663217674,2.911110575,-0.1811918651,0.05228452354
22,1,-5.076230059,1.274326676,5.399360816,-0.0136584514,-2.040348589,2.240182178,0.1262195638,0.06197591649
23,1,-0.9479827339,0.6543180987,4.975887517,0.04258905399,0.9606565868,1.444188756,-0.5637501185,0.02831137904
24,1,-4.509001174,-1.174293248,5.253137539,0.02380062608,-2.387772009,2.724214144,1.306758206,0.08424031323
101,2,-3.358795227,2.154836046,5.690082591,0.1518849936,-2.206626936,1.086258428,0.7214260635,0.07815032571
102,2,-4.317069277,1.331321396,5.684479697,0.02898371233,-1.532363453,2.112164971,0.6627832027,0.04148550769
103,2,-3.936260254,1.044180867,5.284557527,0.08448028132,-1.859909611,1.951847026,0.8757704973,0.09343273802
104,2,-6.094657539,3.032806395,5.916432285,0.01473841367,-2.490539364,1.938455117,0.3660158446,0.05324297468
105,2,-5.074971871,1.749514519,5.384976376,0.1401341722,-1.820362417,2.097159184,1.239149683,0.16855036
106,2,-5.071379038,1.366473724,5.45017895,0.1263108175,-1.633775172,1.694286444,0.6662656973,0.07027325321
107,2,-3.853739157,2.134227305,5.59732672,0.1420401844,-0.7414127801,2.315969944,-0.2663615288,0.06597722279
108,2,-3.525035343,0.55739252,5.819221422,0.1407800344,-1.430137795,1.855103097,0.0453681505,0.03314786974
109,2,-2.912935534,2.04654971,6.037962224,-0.06232162641,-3.41858759,2.488086948,0.6789839592,0.07683159886
110,2,-3.304845135,-0.2887225344,5.286912751,0.1023281167,-2.517067121,1.966654129,1.040127212,0.0640924761
111,2,-3.858536328,1.140350959,5.294143322,0.1453521202,-0.9600956,1.874542035,0.4585829492,0.08367248232
112,2,-3.169991685,2.426930433,6.163121958,0.001938916746,-2.806218387,1.480745688,0.5064922375,0.09187477461
113,2,-3.957543118,0.6242152202,5.31947009,-0.02098970593,-1.044131307,2.563564168,0.5555563483,0.05127738926
114,2,-6.560332066,1.177911946,5.231855646,0.02901901736,-1.894977912,1.990002958,1.254282412,0.06096481845
115,2,-4.60533367,1.268423865,5.77260609,0.02456018323,-2.830823385,1.625232867,0.8581761473,0.05399339567
116,2,-2.043053473,-1.202454634,5.356944688,0.1330160474,-2.255771214,-0.7374449864,1.427747884,0.05872512614
117,2,-2.233643042,1.195946237,5.358027675,0.1151416049,-1.080309752,1.230155323,0.7551249845,0.0659202953
118,2,-2.690120729,2.043246723,6.002567945,0.07295620688,-3.750425033,2.296388465,0.8254810329,0.08628493122
119,2,-4.217332637,1.995377982,5.953656975,0.0470623688,-0.5542813285,2.833054229,-0.5756994424,0.05296153778
120,2,-3.960408637,0.6950598191,5.595988434,0.149433374,-1.827245058,2.537177515,0.5799089194,0.07551582527
121,2,-2.889625663,2.714527937,5.755121268,0.08086362837,-1.73076189,3.370037167,0.3911293842,0.03715756806
122,2,-3.376744995,1.957407082,5.565691778,0.04665200024,-1.149255378,1.622636902,0.5527620123,0.07888450899
123,2,-4.066392319,1.254887025,5.912649364,0.04361602049,-2.061924693,0.6983917326,0.3623852468,0.06207065277
124,2,-5.007727936,-0.01782544035,5.515252935,0.02091775892,-1.356005561,2.397299285,0.5043036815,0.03609807104
125,2,-3.650335801,3.266625832,5.823015281,0.1056486179,-2.457225588,1.56490988,-0.1432153555,0.07348535362